Instance;Seed;Cost;Wall time
./Instances/CVRP/X-n176-k26.vrp;5;49091;0.586485
./Instances/CVRP/X-n176-k26.vrp;5;48421;0.862601
./Instances/CVRP/X-n176-k26.vrp;5;48420;1.29155
./Instances/CVRP/X-n176-k26.vrp;5;48343;1.72547
./Instances/CVRP/X-n176-k26.vrp;5;48300;2.15288
./Instances/CVRP/X-n176-k26.vrp;5;48245;2.58261
./Instances/CVRP/X-n176-k26.vrp;5;48189;3.0135
./Instances/CVRP/X-n176-k26.vrp;5;48087;3.44568
./Instances/CVRP/X-n176-k26.vrp;5;47990;3.87242
./Instances/CVRP/X-n176-k26.vrp;5;47990;4.30291
./Instances/CVRP/X-n176-k26.vrp;5;47987;4.7302
./Instances/CVRP/X-n176-k26.vrp;5;47981;5.16141
./Instances/CVRP/X-n176-k26.vrp;5;47977;5.59331
./Instances/CVRP/X-n176-k26.vrp;5;47977;6.02212
./Instances/CVRP/X-n176-k26.vrp;5;47977;6.45465
./Instances/CVRP/X-n176-k26.vrp;5;47976;6.88075
./Instances/CVRP/X-n176-k26.vrp;5;47973;7.31096
./Instances/CVRP/X-n176-k26.vrp;5;47969;7.74299
./Instances/CVRP/X-n176-k26.vrp;5;47968;8.17122
./Instances/CVRP/X-n176-k26.vrp;5;47968;8.60088
./Instances/CVRP/X-n176-k26.vrp;5;47966;9.03608
./Instances/CVRP/X-n176-k26.vrp;5;47945;9.46142
./Instances/CVRP/X-n176-k26.vrp;5;47945;9.89207
./Instances/CVRP/X-n176-k26.vrp;5;47945;10.3201
./Instances/CVRP/X-n176-k26.vrp;5;47940;10.7542
./Instances/CVRP/X-n176-k26.vrp;5;47940;11.1812
./Instances/CVRP/X-n176-k26.vrp;5;47940;11.6103
./Instances/CVRP/X-n176-k26.vrp;5;47940;12.043
./Instances/CVRP/X-n176-k26.vrp;5;47939;12.4731
./Instances/CVRP/X-n176-k26.vrp;5;47939;12.9004
./Instances/CVRP/X-n176-k26.vrp;5;47926;13.3349
./Instances/CVRP/X-n176-k26.vrp;5;47900;13.7636
./Instances/CVRP/X-n176-k26.vrp;5;47900;14.1938
./Instances/CVRP/X-n176-k26.vrp;5;47900;14.6224
./Instances/CVRP/X-n176-k26.vrp;5;47900;15.0524
./Instances/CVRP/X-n176-k26.vrp;5;47882;15.4837
./Instances/CVRP/X-n176-k26.vrp;5;47873;15.9126
./Instances/CVRP/X-n176-k26.vrp;5;47860;16.3456
./Instances/CVRP/X-n176-k26.vrp;5;47860;16.7735
./Instances/CVRP/X-n176-k26.vrp;5;47860;17.2037
./Instances/CVRP/X-n176-k26.vrp;5;47860;17.634
./Instances/CVRP/X-n176-k26.vrp;5;47860;18.0615
./Instances/CVRP/X-n176-k26.vrp;5;47860;18.4911
./Instances/CVRP/X-n176-k26.vrp;5;47857;18.9215
./Instances/CVRP/X-n176-k26.vrp;5;47857;19.3518
./Instances/CVRP/X-n176-k26.vrp;5;47854;19.7832
./Instances/CVRP/X-n176-k26.vrp;5;47842;20.212
./Instances/CVRP/X-n176-k26.vrp;5;47842;20.6455
./Instances/CVRP/X-n176-k26.vrp;5;47842;21.0711
./Instances/CVRP/X-n176-k26.vrp;5;47842;21.503
./Instances/CVRP/X-n176-k26.vrp;5;47840;21.931
./Instances/CVRP/X-n176-k26.vrp;5;47840;22.3645
./Instances/CVRP/X-n176-k26.vrp;5;47840;22.794
./Instances/CVRP/X-n176-k26.vrp;5;47840;23.2244
./Instances/CVRP/X-n176-k26.vrp;5;47840;23.652
./Instances/CVRP/X-n176-k26.vrp;5;47840;24.0811
./Instances/CVRP/X-n176-k26.vrp;5;47840;24.5138
./Instances/CVRP/X-n176-k26.vrp;5;47840;24.943
./Instances/CVRP/X-n176-k26.vrp;5;47840;25.3711
./Instances/CVRP/X-n176-k26.vrp;5;47840;25.8047
./Instances/CVRP/X-n176-k26.vrp;5;47840;26.2336
./Instances/CVRP/X-n176-k26.vrp;5;47840;26.6601
./Instances/CVRP/X-n176-k26.vrp;5;47840;27.0927
./Instances/CVRP/X-n176-k26.vrp;5;47840;27.5229
./Instances/CVRP/X-n176-k26.vrp;5;47840;27.951
./Instances/CVRP/X-n176-k26.vrp;5;47840;28.3828
./Instances/CVRP/X-n176-k26.vrp;5;47840;28.8124
./Instances/CVRP/X-n176-k26.vrp;5;47840;29.2444
./Instances/CVRP/X-n176-k26.vrp;5;47840;29.673
./Instances/CVRP/X-n176-k26.vrp;5;47840;30.1028
./Instances/CVRP/X-n176-k26.vrp;5;47840;30.5317
./Instances/CVRP/X-n176-k26.vrp;5;47840;30.9644
./Instances/CVRP/X-n176-k26.vrp;5;47840;31.3924
./Instances/CVRP/X-n176-k26.vrp;5;47840;31.8222
./Instances/CVRP/X-n176-k26.vrp;5;47840;32.2517
./Instances/CVRP/X-n176-k26.vrp;5;47840;32.6838
./Instances/CVRP/X-n176-k26.vrp;5;47840;33.1109
./Instances/CVRP/X-n176-k26.vrp;5;47840;33.5438
./Instances/CVRP/X-n176-k26.vrp;5;47840;33.9714
./Instances/CVRP/X-n176-k26.vrp;5;47840;34.4042
./Instances/CVRP/X-n176-k26.vrp;5;47840;34.8331
./Instances/CVRP/X-n176-k26.vrp;5;47838;35.2619
./Instances/CVRP/X-n176-k26.vrp;5;47835;35.693
./Instances/CVRP/X-n176-k26.vrp;5;47812;36.1219
./Instances/CVRP/X-n176-k26.vrp;5;47812;36.5501
./Instances/CVRP/X-n176-k26.vrp;5;47812;36.9807
./Instances/CVRP/X-n176-k26.vrp;5;47812;37.4129
./Instances/CVRP/X-n176-k26.vrp;5;47812;37.8434
./Instances/CVRP/X-n176-k26.vrp;5;47812;38.2704
./Instances/CVRP/X-n176-k26.vrp;5;47812;38.7026
./Instances/CVRP/X-n176-k26.vrp;5;47812;39.1308
./Instances/CVRP/X-n176-k26.vrp;5;47812;39.5627
./Instances/CVRP/X-n176-k26.vrp;5;47812;39.9915
./Instances/CVRP/X-n176-k26.vrp;5;47812;40.4222
./Instances/CVRP/X-n176-k26.vrp;5;47812;40.8525
./Instances/CVRP/X-n176-k26.vrp;5;47812;41.2845
./Instances/CVRP/X-n176-k26.vrp;5;47812;41.7132
./Instances/CVRP/X-n176-k26.vrp;5;47812;42.1421
./Instances/CVRP/X-n176-k26.vrp;5;47812;42.5718
./Instances/CVRP/X-n176-k26.vrp;5;47812;43.0042
